{
  "project_info": {
    "project_number": "1056088347745",
    "project_id": "phone-register-test1",
    "storage_bucket": "phone-register-test1.appspot.com"
  },
  "client": [
    {
      "client_info": {
        "mobilesdk_app_id": "1:1056088347745:android:3004607118feefe7da8620",
        "android_client_info": {
          "package_name": "com.example.rashno"
        }
      },
      "oauth_client": [],
      "api_key": [
        {
          "current_key": "AIzaSyAyung_xHWZovv7Gedg26aHyK1kj9mZyms"
        }
      ],
      "services": {
        "appinvite_service": {
          "other_platform_oauth_client": []
        }
      }
    }
  ],
  "configuration_version": "1"
}